body number,mass
1,0.949941606
2,0.98878103
3,1.067444278
4,0.971254857
5,0.913343152
6,0.943608737
7,0.909036788
8,0.923350132
9,1.071527826
10,0.907220339
11,1.039523467
12,1.042094941
13,0.906118913
14,0.916419711
15,1.038080512
16,1.009628054
17,0.962133918
18,0.929916725
19,1.013532531
20,1.02571226
